use DMDDPROJECT
Go
 
OPEN SYMMETRIC KEY StudBdate_SK
DECRYPTION BY CERTIFICATE Stud_Bdate;
GO
Insert Into STUDENT ([StudentName],StudentEmail,StudentBdate,StudentPhoneNo,StudentAddress)
values
('Aryan','aryan@gmail.com',EncryptByKey(Key_GUID('StudBdate_SK'), convert(varbinary,'2000-08-18')),'8790986789','123 Northampton Street'),
('Aditya','aditya@gmail.com',EncryptByKey(Key_GUID('StudBdate_SK'), convert(varbinary,'2000-01-19')),'8655693679','112 Longwood Street'),
('Saisree','saisree@gmail.com',EncryptByKey(Key_GUID('StudBdate_SK'), convert(varbinary,'2001-03-11')),'8655793671','124 Fenway Street'),
('Ryan','ryan@gmail.com',EncryptByKey(Key_GUID('StudBdate_SK'), convert(varbinary,'2000-08-12')),'8655493672','143 Park Drive'),
('Shrey','shrey@gmail.com',EncryptByKey(Key_GUID('StudBdate_SK'), convert(varbinary,'2000-08-13')),'8155793679','123 Northampton Street'),
('Karan','karan@gmail.com',EncryptByKey(Key_GUID('StudBdate_SK'), convert(varbinary,'2000-08-03')),'8655723679','123 Beech Street'),
('Neel','neel@gmail.com',EncryptByKey(Key_GUID('StudBdate_SK'), convert(varbinary,'1999-08-03')),'8635723679','126 Misiion hill'),
('Shivani','shivani@gmail.com',EncryptByKey(Key_GUID('StudBdate_SK'), convert(varbinary,'2001-05-04')),'8955723675','124 Jersey Street'),
('Yanroung','yanroung@gmail.com',EncryptByKey(Key_GUID('StudBdate_SK'), convert(varbinary,'2000-07-03')),'8755723679','123 Miller Street'),
('Kisen','kisen@gmail.com',EncryptByKey(Key_GUID('StudBdate_SK'), convert(varbinary,'1998-08-03')),'5655223679','183 Center Street'),
('Sara','sara@gmail.com',EncryptByKey(Key_GUID('StudBdate_SK'), convert(varbinary,'2000-06-26')),'9059578223','501 Northampton Street'),
('David','david@gmail.com',EncryptByKey(Key_GUID('StudBdate_SK'), convert(varbinary,'1999-07-21')),'6789098769','221 Fenway Street'),
('Damon','damon@gmail.com',EncryptByKey(Key_GUID('StudBdate_SK'), convert(varbinary,'2000-08-25')),'8094693670','127 Jersey Street'),
('Stefen','stefen@gmail.com',EncryptByKey(Key_GUID('StudBdate_SK'), convert(varbinary,'2000-08-12')),'8900986782','147 Park Drive'),
('Nikhil','nikhil@gmail.com',EncryptByKey(Key_GUID('StudBdate_SK'), convert(varbinary,'2000-04-16')),'6789564567','124 Northampton Street'),
('Sanjay','sanjay@gmail.com',EncryptByKey(Key_GUID('StudBdate_SK'), convert(varbinary,'2000-06-22')),'8896789099','211 Longwood Street'),
('Karthik','karthik@gmail.com',EncryptByKey(Key_GUID('StudBdate_SK'), convert(varbinary,'2000-01-28')),'8654693670','127 Boylston Street'),
('Chandu','chandu@gmail.com',EncryptByKey(Key_GUID('StudBdate_SK'), convert(varbinary,'2000-06-22')),'8790986782','147 Park Drive'),
('Ganesh','ganesh@gmail.com',EncryptByKey(Key_GUID('StudBdate_SK'), convert(varbinary,'2000-02-14')),'7689567852','123 copley Street'),
('Suma','suma@gmail.com',EncryptByKey(Key_GUID('StudBdate_SK'), convert(varbinary,'2000-07-08')),'7890986782','123 Jview Street'),
('Hani','hani@gmail.com',EncryptByKey(Key_GUID('StudBdate_SK'), convert(varbinary,'1999-07-03')),'6789098790','156 Misiion hill'),
('Vaibhavi','vaibhavi@gmail.com',EncryptByKey(Key_GUID('StudBdate_SK'), convert(varbinary,'2001-04-06')),'6789098234','124 roxbury Street'),
('shiva','shiva@gmail.com',EncryptByKey(Key_GUID('StudBdate_SK'), convert(varbinary,'2000-04-03')),'2345678934','123 Southend Street'),
('josey','josey@gmail.com',EncryptByKey(Key_GUID('StudBdate_SK'), convert(varbinary,'1998-04-12')),'5645123679','190 Center Street'),
('Jay','jay@gmail.com',EncryptByKey(Key_GUID('StudBdate_SK'), convert(varbinary,'1998-06-21')),'7890789098','301 Roxbusr Street'),
('Sindhu','sindhu@gmail.com',EncryptByKey(Key_GUID('StudBdate_SK'), convert(varbinary,'2000-01-12')),'8978967892','211 Fenway Street'),
('Vidya','vidya@gmail.com',EncryptByKey(Key_GUID('StudBdate_SK'), convert(varbinary,'2000-03-12')),'6789098789','132 Boylston Street'),
('Kuchi','kuchi@gmail.com',EncryptByKey(Key_GUID('StudBdate_SK'), convert(varbinary,'1998-08-17')),'9909345678','147 Park Street'),
('Hareesh','hareesh@gmail.com',EncryptByKey(Key_GUID('StudBdate_SK'), convert(varbinary,'2000-03-12')),'5678909878','126 Symphony Street'),
('Maneesh','suma@gmail.com',EncryptByKey(Key_GUID('StudBdate_SK'), convert(varbinary,'2000-05-03')),'7890978906','127 Jview Street');


Insert Into Category(CategoryID,CategoryDescription)
Values('BDA','BIG DATA ANALYTICS'),
('CC','Crypto Currency'),
('Cy','Cryptography'),
('UED','User Experience Design'),
('DS','Data Science'),
('HMI','Human Machine Interaction'),
('CSE','Computer Science Engineering'),
('DBMS','DataBase Management Systems'),
('AI','Artificial Intelligence'),
('ML','Machine Learning'),
('DG','Digital Business'),
('BIDA','Business Intelligence  and Data Analytics'),
('FSE','FullStack Software Engineering'),
('MAD','Mobile App Development'),
('CYS','CyberSecurity'),
('EBDS','Engineering of Big Data Systems'),
('IES','Industrial Engineering Systems');


Insert Into Course (CourseID,CourseName,CourseDescription,CourseCredits,CategoryID)
Values
('Info5100','Application Engineering Development','Taught by Khal ',4,'BDA'),
('Info5101','Application Engineering Development','Taught by Dino ',4,'BDA'),
('DAMG6201','Database Management and Database Design','Taught by Manuel',4,'DBMS'),
('DAMG6202','Database Management and Database Design','Taught by John',4,'DBMS'),
('Info6275','Web design','Taught by Daniel',4,'CSE'),
('Info6276','Web design','Taught by Nick',4,'CSE'),
('DS5500','DataScience','Taught by Loren',4,'DS'),
('DS5501','DataScience','Taught by Rick',4,'DS'),
('UED1200','Webdevelopment','Taught by Pablo',4,'UED'),
('UED1201','Webdevelopment','Taught by Jessica',4,'UED'),
('ENCP120','Soft Skills','Taught by Loren',1,'CSE'),
('ENCP121','Soft Skills','Taught by Matt',1,'CSE'),
('HMI3300','Distributed Models','Taught by Matthew ',4,'HMI'),
('HMI3301','Distributed Models','Taught by Josh',4,'HMI'),
('AI5000','Neural Networks','Taught by Ashok',4,'AI'),
('AI5001','Neural Networks','Taught by Erik',4,'AI'),
('ML1001','Machine Learning Tools','Taught by Josey ',4,'ML'),
('DG2001','Marketing and Business','Taught by Lara',4,'DG'),
('BIDA3001','Data visualization Methods','Taught by Henry',4,'BIDA'),
('FSE4001','Software Development','Taught by Thomas',4,'FSE'),
('MAD5001','Application Development Tools','Taught by James',4,'MAD'),
('CYS6001','CyberSecurity tools and methods','Taught by Robert',4,'CYS'),
('EBDS7001','Bigdata Tools and Methods','Taught by Mary',4,'EBDS'),
('IES8001','Industrial methods and tools','Taught by Jennifer',4,'IES'),
('ML1002','Machine Learning Tools','Taught by Adam',4,'ML'),
('DG2002','Marketing and Business','Taught by Joey',4,'DG'),
('BIDA3002','Data visualization Methods','Taught by Josey',4,'BIDA'),
('FSE4002','Software Development','Taught by Lara',4,'FSE'),
('MAD5002','Application Development Tools','Taught by Robert',4,'MAD'),
('CYS6002','CyberSecurity tools and methods','Taught by Lara',4,'CYS'),
('EBDS7002','Bigdata Tools and Methods','Taught by Jennifer',4,'EBDS'),
('IES8002','Industrial methods and tools','Taught by Robert',4,'IES');


Insert Into Semester(SemesterID,SemesterDescription,SemesterStartDate,SemesterEndDate)
Values
(1,'First Sem Fall','2022-09-01','2022-12-19'),
(2,'Second sem Spring','2023-01-07','2023-04-29'),
(3,'Third Sem Fall','2023-09-01','2023-12-17'),
(4,'Fourth Sem Spring','2024-01-08','2024-04-15');

Insert Into CoursePerSemester(CoursePerSemesterID,CourseID ,SemesterID,CourseStartDate,CourseEndDate)
Values 
(34000,'Info5100',1,'2022-09-01','2022-12-29'),
(34001,'Info5101',1,'2022-09-01','2023-04-12'),
(44000,'DAMG6201',1,'2022-09-01','2024-02-12'),
(44001,'DAMG6202',1,'2022-09-01','2024-08-09'),
(35000,'Info6275',2,'2023-01-07','2023-04-29'),
(35001,'Info6276',2,'2023-01-07','2023-04-29'),
(67000,'DS5500',2,'2023-01-07','2023-04-29'),
(67001,'DS5501',2,'2023-01-07','2023-04-29'),
(87801,'UED1200',3,'2023-09-01','2023-12-17'),
(87802,'UED1201',3,'2023-09-01','2023-04-12'),
(13000,'ENCP120',3,'2023-09-01','2024-08-09'),
(13001,'ENCP121',3,'2023-09-01','2022-12-21'),
(76000,'HMI3300',4,'2024-01-08','2024-04-15'),
(76001,'HMI3301',4,'2024-01-08','2024-04-15'),
(95000,'AI5000',4,'2024-01-08','2024-04-15'),
(95001,'AI5001',4,'2024-01-08','2024-04-15'),
(12000,'ML1001',1,'2022-09-01','2022-12-29'),
(12001,'ML1002',1,'2022-09-01','2022-12-29'),
(22000,'DG2001',1,'2022-09-01','2022-12-29'),
(22001,'DG2002',1,'2022-09-01','2022-12-29'),
(23000,'BIDA3001',2,'2023-01-07','2023-04-29'),
(23001,'BIDA3002',2,'2023-01-07','2023-04-29'),
(98000,'FSE4001',2,'2023-01-07','2023-04-29'),
(98001,'FSE4002',2,'2023-01-07','2023-04-29'),
(67801,'MAD5001',3,'2023-09-01','2023-12-17'),
(67802,'MAD5002',3,'2023-09-01','2023-12-17'),
(19000,'CYS6001',3,'2023-09-01','2023-12-17'),
(19001,'CYS6002',3,'2023-09-01','2023-12-17'),
(78000,'EBDS7001',4,'2024-01-08','2024-04-15'),
(78001,'EBDS7002',4,'2024-01-08','2024-04-15'),
(49000,'IES8001',4,'2024-01-08','2024-04-15'),
(49001,'IES8002',4,'2024-01-08','2024-04-15');

SELECT * FROM STUDENT

Insert into Enrollment (StudentID,CourseID,SemesterID,EnrollmentDate,CancellationReason,CoursePerSemesterID)
Values 
(1,'Info5100',1,'2022-08-01',Null,34000),
(1,'DAMG6201',1,'2022-08-01',Null,44000),
(2,'Info5100',1,'2022-08-01',Null,34000),
(2,'DAMG6201',1,'2022-08-01',Null,44000),
(3,'Info5100',1,'2022-08-01',Null,34000),
(3,'DAMG6201',1,'2022-08-01',Null,44000),
(4,'Info5100',1,'2022-08-01',Null,34000),
(4,'DAMG6201',1,'2022-08-01',Null,44000),
(5,'Info5100',1,'2022-08-01',Null,34000),
(5,'DAMG6201',1,'2022-08-01',Null,44000),
(6,'Info5100',1,'2022-08-01',Null,34000),
(6,'DAMG6201',1,'2022-08-01',Null,44000),
(7,'Info5100',1,'2022-08-01',Null,34000),
(7,'DAMG6201',1,'2022-08-01',Null,44000),
(8,'Info5100',1,'2022-08-01',Null,34000),
(8,'DAMG6201',1,'2022-08-01',Null,44000),
(9,'Info5100',1,'2022-08-01',Null,34000),
(9,'DAMG6201',1,'2022-08-01',Null,44000),
(10,'Info5100',1,'2022-08-01',Null,34000),
(10,'DAMG6201',1,'2022-08-01',Null,44000),
(1,'Info6275',2,'2023-01-01',Null,35000),
(1,'DS5500',2,'2023-01-01',Null,67000),
(2,'Info6275',2,'2023-01-01',Null,35000),
(2,'DS5500',2,'2023-01-01',Null,67000),
(3,'Info6275',2,'2023-01-01',Null,35000),
(3,'DS5500',2,'2023-01-01',Null,67000),
(4,'Info6275',2,'2023-01-01',Null,35000),
(4,'DS5500',2,'2023-01-01',Null,67000),
(5,'Info6275',2,'2023-01-01',Null,35000),
(5,'DS5500',2,'2023-01-01',Null,67000),
(6,'Info6275',2,'2023-01-01',Null,35000),
(6,'DS5500',2,'2023-01-01',Null,67000),
(7,'Info6275',2,'2023-01-01',Null,35000),
(7,'DS5500',2,'2023-01-01',Null,67000),
(8,'Info6275',2,'2023-01-01',Null,35000),
(8,'DS5500',2,'2023-01-01',Null,67000),
(9,'Info6275',2,'2023-01-01',Null,35000),
(9,'DS5500',2,'2023-01-01',Null,67000),
(10,'Info6275',2,'2023-01-01',Null,35000),
(10,'DS5500',2,'2023-01-01',Null,67000),
(1,'UED1200',3,'2023-09-01',Null,87801),
(1,'ENCP120',3,'2023-09-01',Null,13000),
(2,'UED1200',3,'2023-09-01',Null,87801),
(2,'ENCP120',3,'2023-09-01',Null,13000),
(3,'UED1200',3,'2023-09-01',Null,87801),
(3,'ENCP120',3,'2023-09-01',Null,13000),
(4,'UED1200',3,'2023-09-01',Null,87801),
(4,'ENCP120',3,'2023-09-01',Null,13000),
(5,'UED1200',3,'2023-09-01',Null,87801),
(5,'ENCP120',3,'2023-09-01',Null,13000),
(6,'UED1200',3,'2023-09-01',Null,87801),
(6,'ENCP120',3,'2023-09-01',Null,13000),
(7,'UED1200',3,'2023-09-01',Null,87801),
(7,'ENCP120',3,'2023-09-01',Null,13000),
(8,'UED1200',3,'2023-09-01',Null,87801),
(8,'ENCP120',3,'2023-09-01',Null,13000),
(9,'UED1200',3,'2023-09-01',Null,87801),
(9,'ENCP120',3,'2023-09-01',Null,13000),
(10,'UED1200',3,'2023-09-01',Null,87801),
(10,'ENCP120',3,'2023-09-01',Null,13000),
(1,'HMI3300',4,'2024-01-01',Null,76000),
(1,'AI5000',4,'2024-01-01',Null,95000),
(2,'HMI3300',4,'2024-01-01',Null,76000),
(2,'AI5000',4,'2024-01-01',Null,95000),
(3,'HMI3300',4,'2024-01-01',Null,76000),
(3,'AI5000',4,'2024-01-01',Null,95000),
(4,'HMI3300',4,'2024-01-01',Null,76000),
(4,'AI5000',4,'2024-01-01',Null,95000),
(5,'HMI3300',4,'2024-01-01',Null,76000),
(5,'AI5000',4,'2024-01-01',Null,95000),
(6,'HMI3300',4,'2024-01-01',Null,76000),
(6,'AI5000',4,'2024-01-01',Null,95000),
(7,'HMI3300',4,'2024-01-01',Null,76000),
(7,'AI5000',4,'2024-01-01',Null,95000),
(8,'HMI3300',4,'2024-01-01',Null,76000),
(8,'AI5000',4,'2024-01-01',Null,95000),
(9,'HMI3300',4,'2024-01-01',Null,76000),
(9,'AI5000',4,'2024-01-01',Null,95000),
(10,'HMI3300',4,'2024-01-01',Null,76000),
(10,'AI5000',4,'2024-01-01',Null,95000),
(11,'ML1001',1,'2022-08-01',Null,12000),
(11,'DG2001',1,'2022-08-01',Null,22000),
(11,'DAMG6201',1,'2022-08-01',Null,44000),
(12,'BIDA3001',2,'2023-01-01',Null,23000),
(12,'Info6275',2,'2023-01-01',Null,35000),
(13,'CYS6002',3,'2023-09-01',Null,19001),
(13,'ENCP120',3,'2023-09-01',Null,13000),
(13,'MAD5002',3,'2023-09-01',Null,67802),
(14,'EBDS7001',4,'2024-01-01',Null,78000),
(14,'IES8001',4,'2024-01-01',Null,49000),
(14,'HMI3300',4,'2024-01-01',Null,76000),
(14,'AI5001',4,'2024-01-01',Null,95001),
(15,'DG2001',1,'2022-08-01',Null,22000),
(15,'DAMG6202',1,'2022-08-01',Null,44001),
(16,'BIDA3002',2,'2023-01-01',Null,23001),
(17,'CYS6001',3,'2023-09-01',Null,19000),
(18,'IES8001',4,'2024-01-01',Null,49000),
(19,'DG2002',1,'2022-08-01',Null,22001),
(19,'Info5101',1,'2022-08-01',Null,34001),
(20,'BIDA3002',2,'2023-01-01',Null,23001),
(20,'FSE4001',2,'2023-01-01',Null,98000),
(21,'CYS6001',3,'2023-09-01',Null,19000),
(22,'IES8001',4,'2024-01-01',Null,49000),
(23,'ML1001',1,'2022-08-01',Null,12000),
(23,'DG2002',1,'2022-08-01',Null,22001),
(24,'BIDA3001',2,'2023-01-01',Null,23000),
(24,'MAD5002',3,'2023-09-01',Null,67802),
(25,'EBDS7001',4,'2022-09-01',Null,78000),
(25,'IES8002',4,'2022-09-01',Null,49001),
(26,'DG2001',1,'2022-08-01',Null,22000),
(27,'FSE4001',2,'2023-01-01',Null,98000),
(28,'CYS6002',3,'2023-09-01',Null,19001),
(29,'DAMG6201',4,'2024-01-01',Null,44000);


Insert into Teachers([TeacherName],TeacherEmail,TeacherPhoneNumber)
Values
('Manuel','ma@gmail.com','1234567892'),
('Khal','kh@gmail.com','7896789768'),
('Richard','ri3@gmail.com','9866565656'),
('David','da@gmail.com','1234567890'),
('Nick','ni@gmail.com','1234567895'),
('Dino','di@gmail.com','7834789768'),
('Pablo','pa3@gmail.com','4866565656'),
('Loren','lo@gmail.com','1134567890'),
('Matthew','mat@gmail.com','6783567890'),
('Ashok','as@gmail.com','9820567890'),
('Josey','josey@gmail.com','6785907894'),
('Lara','lara@gmail.com','6785678904'),
('Henry','henry@gmail.com','7890987893'),
('Thomas','thomas@gmail.com','7896785674'),
('James','james@gmail.com','6785674567'),
('Robert','robert@gmail.com','5678907896'),
('Mary','mary@gmail.com','6756745678'),
('Jennifer','jennifer@gmail.com','3456786767'),
('Adam','adam@gmail.com','7685678789'),
('Joey','joey@gmail.com','6789786787');


Insert into TeachersPerCourse(TeachersPerCourseID,CoursePerSemesterID,TeacherID,TeachercourseStartDate,TecahercourseEndDate)
values
('Manuel_DAMG',44000,100,'2022-09-01','2023-08-29'),
('Khal_INFO51',34000,101,'2022-09-20','2023-09-10'),
('Richard_DS',67000,102,'2022-10-12','2023-01-19'),
('David_INFO62',35000,103,'2022-10-12','2023-01-19'),
('Nick_UED',87801,104,'2022-10-12','2023-01-19'),
('Dino_ENCP',13000,105,'2022-10-12','2023-01-19'),
('Pablo_AI',95000,106,'2022-10-12','2023-01-19'),
('Loren_HMI',76000,107,'2022-10-12','2023-01-19'),
('Matthew_DAMG',34001,108,'2022-10-12','2023-01-19'),
('Ashok_ENCP',87801,109,'2022-10-12','2023-01-19')



Insert into Classes(TeacherID,CoursePerSemesterID,ClassTitle,ClassDate,ClassStartTime,ClassEndTime)
values
(100,44000,'DMDD','2022-08-01','06:00:00','09:30:00'),
(101,34000,'AED','2022-09-01','03:00:00','06:00:00'),
(102,67000,'Data Science','2022-08-01','04:00:00','06:30:00'),
(103,35000,'Web design','2022-09-01','03:00:00','07:00:00'),
(104,87801,'Web development','2022-08-01','06:00:00','09:30:00'),
(105,13000,'Career Management','2022-09-01','03:00:00','06:00:00'),
(106,95000,'Neursal Networks','2022-08-01','04:00:00','06:30:00'),
(107,76000,'Distributed Models','2022-09-01','03:00:00','07:00:00'),
(108,34001,'DMDD','2022-08-01','06:00:00','09:30:00'),
(109,87801,'Career Management','2022-09-01','03:00:00','06:00:00'),
(110,12000,'MLT','2022-08-01','06:00:00','09:30:00'),
(111,12001,'MLT','2022-09-01','03:00:00','06:00:00'),
(112,19000,'CyberSecurity MT','2022-08-01','04:00:00','06:30:00'),
(113,19001,'CyberSecurity MT','2022-09-01','03:00:00','07:00:00'),
(114,22000,'DMT','2022-08-01','06:00:00','09:30:00'),
(115,22001,'DMT','2022-09-01','03:00:00','06:00:00'),
(116,23000,'BITL','2022-08-01','04:00:00','06:30:00'),
(117,23001,'BITL','2022-09-01','03:00:00','07:00:00'),
(118,49000,'Industrial methods','2022-08-01','06:00:00','09:30:00'),
(112,49001,'Industrial methods','2022-09-01','03:00:00','06:00:00'),
(114,67801,'Mobile Apps','2022-08-01','06:00:00','09:30:00'),
(115,67802,'Mobile Apps','2022-09-01','03:00:00','06:00:00'),
(116,98001,'Bigdata systems and methods','2022-08-01','04:00:00','06:30:00'),
(117,98000,'Bigdata systems and methods','2022-09-01','03:00:00','07:00:00');




Insert into Attendance(ClassNo,StudentId,TimeArrive,TimeLeave)
values
(700,1,'06:00:00','09:30:00'),(701,1,'03:00:00','06:00:00'),(702,1,'06:00:00','09:30:00'),(703,1,'03:00:00','06:00:00'),(704,1,'04:00:00','06:30:00'),(705,1,'06:00:00','09:30:00'),(706,1,'03:00:00','06:00:00'),(707,1,'03:00:00','06:00:00'),
(700,2,'06:00:00','09:30:00'),(701,2,'03:00:00','06:00:00'),(702,2,'06:00:00','09:30:00'),(703,2,'03:00:00','06:00:00'),(704,2,'04:00:00','06:30:00'),(705,2,'06:00:00','09:30:00'),(706,2,'03:00:00','06:00:00'),(707,2,'03:00:00','06:00:00'),
(700,3,'06:00:00','09:30:00'),(701,3,'03:00:00','06:00:00'),(702,3,'06:00:00','09:30:00'),(703,3,'03:00:00','06:00:00'),(704,3,'04:00:00','06:30:00'),(705,3,'06:00:00','09:30:00'),(706,3,'03:00:00','06:00:00'),(707,3,'03:00:00','06:00:00'),
(700,4,'06:00:00','09:30:00'),(701,4,'03:00:00','06:00:00'),(702,4,'06:00:00','09:30:00'),(703,4,'03:00:00','06:00:00'),(704,4,'04:00:00','06:30:00'),(705,4,'06:00:00','09:30:00'),(706,4,'03:00:00','06:00:00'),(707,4,'03:00:00','06:00:00'),
(700,5,'06:00:00','09:30:00'),(701,5,'03:00:00','06:00:00'),(702,5,'06:00:00','09:30:00'),(703,5,'03:00:00','06:00:00'),(704,5,'04:00:00','06:30:00'),(705,5,'06:00:00','09:30:00'),(706,5,'03:00:00','06:00:00'),(707,5,'03:00:00','06:00:00'),
(700,6,'06:00:00','09:30:00'),(701,6,'03:00:00','06:00:00'),(702,6,'06:00:00','09:30:00'),(703,6,'03:00:00','06:00:00'),(704,6,'04:00:00','06:30:00'),(705,6,'06:00:00','09:30:00'),(706,6,'03:00:00','06:00:00'),(707,6,'03:00:00','06:00:00'),
(700,7,'06:00:00','09:30:00'),(701,7,'03:00:00','06:00:00'),(702,7,'06:00:00','09:30:00'),(703,7,'03:00:00','06:00:00'),(704,7,'04:00:00','06:30:00'),(705,7,'06:00:00','09:30:00'),(706,7,'03:00:00','06:00:00'),(707,7,'03:00:00','06:00:00'),
(700,8,'06:00:00','09:30:00'),(701,8,'03:00:00','06:00:00'),(702,8,'06:00:00','09:30:00'),(703,8,'03:00:00','06:00:00'),(704,8,'04:00:00','06:30:00'),(705,8,'06:00:00','09:30:00'),(706,8,'03:00:00','06:00:00'),(707,8,'03:00:00','06:00:00'),
(700,9,'06:00:00','09:30:00'),(701,9,'03:00:00','06:00:00'),(702,9,'06:00:00','09:30:00'),(703,9,'03:00:00','06:00:00'),(704,9,'04:00:00','06:30:00'),(705,9,'06:00:00','09:30:00'),(706,9,'03:00:00','06:00:00'),(707,9,'03:00:00','06:00:00'),
(700,10,'06:00:00','09:30:00'),(701,10,'03:00:00','06:00:00'),(702,10,'06:00:00','09:30:00'),(703,10,'03:00:00','06:00:00'),(704,10,'04:00:00','06:30:00'),(705,10,'06:00:00','09:30:00'),(706,10,'03:00:00','06:00:00'),(707,10,'03:00:00','06:00:00')

SELECT * FROM Enrollment
Insert into Tests([EnrollmentID],TestTime,TestDate)
values
(1000,'02:30:10','2021-12-13'),
(1001,'02:30:10','2021-12-16'),
(1002,'02:30:10','2021-12-13'),
(1003,'02:30:10','2021-12-16'),
(1004,'02:30:10','2021-12-13'),
(1005,'02:30:10','2021-12-16'),
(1006,'02:30:10','2021-12-13'),
(1007,'02:30:10','2021-12-16'),
(1008,'02:30:10','2021-12-13'),
(1009,'02:30:10','2021-12-16'),
(1010,'02:30:10','2021-12-13'),
(1011,'02:30:10','2021-12-16'),
(1012,'02:30:10','2021-12-13'),
(1013,'02:30:10','2021-12-16'),
(1014,'02:30:10','2021-12-13'),
(1015,'02:30:10','2021-12-16'),
(1016,'02:30:10','2021-12-13'),
(1017,'02:30:10','2021-12-16'),
(1018,'02:30:10','2021-12-13'),
(1019,'02:30:10','2021-12-16'),
(1020,'02:30:10','2022-03-13'),
(1021,'02:30:10','2022-03-16'),
(1022,'02:30:10','2022-03-13'),
(1023,'02:30:10','2022-03-16'),
(1024,'02:30:10','2022-03-13'),
(1025,'02:30:10','2022-03-16'),
(1026,'02:30:10','2022-03-13'),
(1027,'02:30:10','2022-03-16'),
(1028,'02:30:10','2022-03-13'),
(1029,'02:30:10','2022-03-16'),
(1030,'02:30:10','2022-03-13'),
(1031,'02:30:10','2022-03-16'),
(1032,'02:30:10','2022-03-13'),
(1033,'02:30:10','2022-03-16'),
(1034,'02:30:10','2022-03-13'),
(1035,'02:30:10','2022-03-16'),
(1036,'02:30:10','2022-03-13'),
(1037,'02:30:10','2022-03-16'),
(1038,'02:30:10','2022-03-13'),
(1039,'02:30:10','2022-03-16'),
(1040,'02:30:10','2022-06-13'),
(1041,'02:30:10','2022-06-16'),
(1042,'02:30:10','2022-06-13'),
(1043,'02:30:10','2022-06-16'),
(1044,'02:30:10','2022-06-11'),
(1045,'02:30:10','2022-06-13'),
(1046,'02:30:10','2022-06-16'),
(1047,'02:30:10','2022-06-13'),
(1048,'02:30:10','2022-06-16'),
(1049,'02:30:10','2022-06-13'),
(1050,'02:30:10','2022-06-16'),
(1051,'02:30:10','2022-06-13'),
(1052,'02:30:10','2022-06-16'),
(1053,'02:30:10','2022-06-13'),
(1054,'02:30:10','2022-06-16'),
(1055,'02:30:10','2022-06-13'),
(1056,'02:30:10','2022-06-16'),
(1057,'02:30:10','2022-06-13'),
(1058,'02:30:10','2022-06-16'),
(1059,'02:30:10','2022-06-13'),
(1060,'02:30:10','2022-09-16'),
(1061,'02:30:10','2022-09-13'),
(1062,'02:30:10','2022-09-16'),
(1063,'02:30:10','2022-09-13'),
(1064,'02:30:10','2022-09-16'),
(1065,'02:30:10','2022-09-13'),
(1066,'02:30:10','2022-09-16'),
(1067,'02:30:10','2022-09-11'),
(1068,'02:30:10','2022-09-13'),
(1069,'02:30:10','2022-09-16'),
(1070,'02:30:10','2022-09-13'),
(1071,'02:30:10','2022-12-16'),
(1072,'02:30:10','2022-12-13'),
(1073,'02:30:10','2022-12-16'),
(1074,'02:30:10','2022-12-13'),
(1075,'02:30:10','2022-12-16'),
(1076,'02:30:10','2022-12-13'),
(1077,'02:30:10','2022-12-16'),
(1078,'02:30:10','2022-12-13'),
(1079,'02:30:10','2022-12-16');


Insert into TestScore(TestNo,StudentID,Score)
values
(25,1,100.00),(26,1,87.00),(27,2,50.00),(28,2,79.00),(29,3,80.00),(30,3,74.00),(31,4,76.00),(32,4,84.00),(33,5,49.00),(34,5,54.00),(35,6,97.00),(36,6,89.00),(37,7,78.00),(38,7,65.00),(39,8,79.00),(40,8,41.00),(41,9,63.00),(42,9,46.00),(43,10,63.00),(44,10,96.00),
(45,1,94.00),(46,1,96.00),(47,2,67.00),(48,2,56.00),(49,3,69.00),(50,3,82.00),(51,4,91.00),(52,4,43.00),(53,5,34.00),(54,5,23.00),(55,6,56.00),(56,6,54.00),(57,7,78.00),(58,7,86.00),(59,8,23.00),(60,8,39.00),(61,9,27.00),(62,9,75.00),(63,10,58.00),(64,10,76.00),
(65,1,32.00),(66,1,56.00),(67,2,4.00),(68,2,34.00),(69,3,76.00),(70,3,23.00),(71,4,5.00),(72,4,65.00),(73,5,34.00),(74,5,89.00),(75,6,98.00),(76,6,100.00),(77,7,100.00),(78,7,39.00),(79,8,98.00),(80,8,96.00),(81,9,95.00),(82,9,68.00),(83,10,79.00),(84,10,86.00),
(85,1,69.00),(86,1,47.00),(87,2,78.00),(88,2,56.00),(89,3,87.00),(90,3,67.00),(91,4,98.00),(92,4,89.00),(93,5,98.00),(94,5,87.00),(95,6,69.00),(96,6,78.00),(97,7,89.00),(98,7,78.00),(99,8,75.00),(100,8,56.00),(101,9,90.00),(102,9,99.00),(103,10,100.00),(104,10,89.00);



